aid,cid,reply,danmu,favorite,coin,share,like,dislike,tname
764747345,456980797,5013,8719,36540,14127,13350,30909,0,明星综合
937037057,542002145,1347,2087,4073,5719,1585,7351,0,综艺
893891528,504756433,157,97,1615,1289,105,3371,0,粉丝创作
979283195,517086888,522,756,3209,1100,486,5027,0,明星综合
850886891,492812764,1058,296,656,751,93,2761,0,明星综合
47010223,82338210,855,986,4410,604,361,6041,0,音乐现场
889659963,383528973,6763,5890,11111,26665,4695,233389,0,娱乐杂谈
64920157,112689540,27395,27469,10461,2846,46510,28823,0,音乐现场
886341690,286006777,4570,3155,18946,6125,28177,49350,0,搞笑
543865861,286339375,18647,477487,42610,110811,31894,475401,0,娱乐杂谈
679590492,542146578,104,202,1080,212,101,1982,0,综艺
508835020,502720955,127,144,1450,1519,117,2627,0,粉丝创作
682127061,545937210,50,8,224,24,14,630,0,明星综合
48921895,86218819,5392,16594,29815,17145,3553,43453,0,粉丝创作
936922313,519481398,51,15,208,13,17,663,0,综艺
296560850,510300165,489,199,570,528,69,2354,0,演奏
253130671,487760601,475,1127,2450,2514,274,3850,0,粉丝创作
840130917,177852332,433,1296,8166,2453,1422,17478,0,粉丝创作
935343272,473848340,364,192,3364,1415,398,6506,0,明星综合
331365882,288003982,9601,5951,10222,1713,53324,27342,0,娱乐杂谈
978102457,480824557,1118,495,10272,15793,1285,16287,0,粉丝创作
679245199,514217682,1564,13211,7339,5261,1603,8070,0,音乐现场
338437441,502234055,287,269,3000,2368,269,6718,0,粉丝创作
381748566,514388941,190,477,191,397,51,2657,0,搞笑
886396030,401990028,18337,30298,147254,403141,111300,477618,0,翻唱
33589453,58806429,641,706,19760,4189,2893,15669,0,明星综合
632083916,487542756,1402,1250,7507,9392,1079,10465,0,明星综合
849351363,444486907,1557,936,12172,13106,3788,17531,0,音乐综合
766885889,540744777,30,3,5,0,2,59,0,明星综合
552027866,541744051,146,35,494,53,65,1563,0,综艺
765312866,476963483,1738,1212,7243,9451,1171,12050,0,音乐综合
296897114,540180795,846,631,325,52,180,3578,0,明星综合
204667109,312513975,3099,4092,9227,10412,1846,16342,0,综艺
509478710,519408704,157,208,235,610,40,3031,0,手办·模玩
851536800,510658813,141,50,886,96,63,3702,0,音乐现场
48062253,84194081,2693,5724,21219,12347,3810,37662,0,音乐现场
807266376,459520513,262,293,5042,1813,623,5225,0,音乐现场
681354478,507644165,1083,2470,7332,11448,1102,11705,0,粉丝创作
296984719,541468192,169,145,183,357,27,1371,0,音乐综合
682006744,542019867,153,152,373,506,212,1262,0,综艺
933721707,429163109,1003,382,2658,352,796,11056,0,明星综合
850085282,467064062,188,85,3684,922,416,8417,0,粉丝创作
592596489,469152458,379,273,6474,6330,729,10612,0,明星综合
21102275,34621210,4260,11255,71335,53375,12207,83918,0,明星综合
507720144,470185408,1487,2195,3813,782,453,15584,0,明星综合
87433139,149454595,14562,27281,77961,64749,29086,109429,0,综艺
61049573,106216954,800,2284,8656,1364,2189,10903,0,综艺
51716349,90534293,1188,2700,11252,2515,945,14414,0,音乐现场
892256087,459791936,34,37,1473,167,20,1542,0,音乐综合
764719707,455845323,274,146,2222,542,393,8131,0,明星综合
809708389,546131398,227,84,5,2,1,121,0,综艺
798828378,285960148,2320,1083,1479,418,1824,9359,0,娱乐杂谈
84795127,145012934,904,7169,13970,11109,1291,23995,0,粉丝创作
894306048,515816892,8,4,1873,92,2,2176,0,综艺
508510307,495659863,225,1426,2271,489,174,2754,0,明星综合
467059842,541941767,20,8,10,4,1,142,0,明星综合
252525019,467607617,255,145,2596,2080,250,3277,0,明星综合
934646308,457458730,950,1366,13145,5577,5910,14435,0,音乐现场
251650420,443378599,29,3,734,54,3,871,0,汽车生活
76088106,130155244,33631,81981,300714,111996,124859,398069,0,音乐现场
679177041,514019463,1524,9788,6807,5126,1467,7617,0,音乐现场
15521692,25259837,1969,1531,38980,21241,9468,30592,0,音乐现场
504529548,380236225,2400,9027,7842,4638,1292,11287,0,粉丝创作
840629103,189824823,790,2219,16082,16550,2706,55545,0,明星综合
541313293,211462638,1659,2693,17998,10239,3254,21681,0,粉丝创作
544878154,318838803,2675,3702,13807,12819,2962,19743,0,综艺
625488279,183579019,2276,3730,7268,920,2749,41379,0,明星综合
767051773,545468689,119,33,190,296,21,1252,0,综艺
722207750,456666371,581,149,6277,1430,734,7362,0,音乐现场
75965449,129946821,88642,204645,280964,300411,210640,333347,0,音乐现场
15933083,26001051,2644,5254,14555,2881,4299,13720,0,综艺
339317191,516873770,1268,1784,3717,5789,1303,6987,0,综艺
935096328,468754330,101,103,5023,644,5,5147,0,音乐综合
18039757,29453139,1654,4065,24493,4485,12199,13917,0,音乐综合
47536876,83322344,7153,8379,31328,29941,5620,44517,0,音乐综合
96128171,164100590,2688,6322,11197,12205,2602,17284,0,社科·法律·心理
551980041,519092180,238,219,1318,1707,147,2940,0,演奏
7649361,12532425,6375,25560,190822,51182,97277,126318,0,综艺
47555321,83294924,390,1718,3394,210,428,6084,0,娱乐杂谈
934659330,459993226,683,278,6819,5456,865,8924,0,明星综合
16614987,27100271,4812,11902,47940,35956,14785,39196,0,音乐现场
55817203,97575629,664,450,3330,153,377,5204,0,综艺
254337005,516605096,138,39,1141,828,57,2242,0,粉丝创作
28343738,49022716,787,1534,9076,614,1235,7909,0,综艺
338637456,500373383,976,1470,3073,4529,1341,7248,0,综艺
91165352,155664558,2187,3357,22411,22808,6174,35026,0,粉丝创作
24222819,40609844,719,1926,6161,663,2429,7296,0,明星综合
87533356,149560957,7599,27690,26639,2735,4498,140917,0,综艺
94364896,161099569,5223,6580,18272,20163,9948,26598,0,综艺
509691308,546017214,34,6,175,43,11,411,0,明星综合
18311449,29891138,892,13878,25182,10510,4140,14463,0,音乐综合
850141344,471234637,65,35,819,112,23,1071,0,音乐综合
31114118,54348120,632,1307,6895,1092,345,9121,0,粉丝创作
211830890,514849856,98,3,351,6,53,777,0,娱乐杂谈
59216079,103201489,1056,1499,17155,4310,3412,26021,0,音乐现场
935006877,468544274,5557,8725,2624,419,123,32041,0,娱乐杂谈
61122192,106344936,781,2244,8723,1204,1523,13295,0,粉丝创作
892757640,474497523,165,149,3001,2257,189,4780,0,粉丝创作
14244013,23249899,890,5717,19454,2847,2723,12524,0,音乐现场
889449049,402336392,6146,662,5402,10875,1854,13239,0,明星综合
893367305,487591194,251,106,3347,3685,209,6929,0,VOCALOID·UTAU
967891742,184645986,1340,4468,21716,4527,3798,17605,0,音乐综合
43843844,76809271,452,559,8077,1029,720,12233,0,综合
757212597,313206944,9039,8314,17341,6802,6173,25687,0,明星综合
498038452,186059678,42860,50773,75684,119172,37690,126904,0,MV
12340665,20327069,3113,22336,44573,22351,8235,27452,0,音乐现场
765839465,489975633,52,9,1824,97,24,1577,0,短片
671454322,289589282,30676,19329,15843,20153,6722,28956,0,综艺
931025492,352858297,19577,19355,19217,26251,6837,27508,0,综艺
296584944,508586538,71,30,1034,190,69,4481,0,音乐现场
47479486,83021851,1546,6719,16305,5040,1951,20265,0,音乐现场
28166736,48686503,2115,789,8714,968,2033,5267,0,明星综合
764742850,457034268,1028,657,10852,5049,4063,11839,0,明星综合
543756336,286453684,1593,1379,2609,5785,2451,29985,0,财经商业
83464283,142786933,518,958,12687,2137,1954,12612,0,音乐现场
455053059,314608696,3738,12817,18795,13529,4764,35011,0,明星综合
682189238,546134541,157,99,128,501,26,1970,0,手办·模玩
75395511,128962327,1241,3065,29967,12376,9786,50915,0,粉丝创作
540467795,183605037,5103,11437,79723,22817,16955,98599,0,音乐综合
540498459,183136937,3120,5650,29313,48050,8810,48159,0,演奏
252109995,453880013,375,272,6988,6943,787,10930,0,粉丝创作
20997610,34429053,832,4807,24259,5901,3063,12842,0,粉丝创作
31541638,75405462,10407,29385,88231,77064,67367,91590,0,音乐综合
211433950,506783707,124,150,856,1239,285,2630,0,粉丝创作
90377261,154338368,3209,7838,8221,13289,3758,25087,0,娱乐杂谈
424460517,540272365,226,590,104,50,51,1351,0,明星综合
95509381,163056931,923,899,7747,1233,1525,30915,0,明星综合
14143360,23088031,1231,50350,29667,8625,2191,14446,0,明星综合
253206044,483937615,473,870,2876,3412,256,4580,0,音乐综合
339448670,518320109,28,28,380,25,13,742,0,综艺
51493539,90768793,2065,24018,20997,8107,4905,21252,0,粉丝创作
211705215,514039665,9,21,17,0,8,195,0,明星综合
41732787,73274762,3329,20475,7943,3009,1402,13898,0,音乐综合
713778378,286344600,6526,3878,14815,13275,2935,19871,0,粉丝创作
75552330,129244913,1368,3726,4754,1016,790,14432,0,综艺
90149407,153963507,3892,10759,18849,20599,6892,34188,0,综艺
15846454,25854419,2097,6496,41411,4581,5464,29590,0,娱乐杂谈
467013666,541717619,104,239,335,152,207,1140,0,明星综合
593932099,505550129,45,20,729,63,27,2460,0,音乐现场
893734904,499334304,245,437,1546,2238,160,3283,0,粉丝创作
67438234,116930011,2244,15905,22428,20944,5828,28448,0,粉丝创作
592959506,476253122,549,635,1725,2786,531,4235,0,粉丝创作
422019916,453580102,882,581,1888,2063,1043,10606,0,搞笑
92638464,158170373,1417,1485,11416,966,1898,49049,0,明星综合
41151047,72277656,4841,67898,109290,49690,10273,132089,0,音乐综合
424638007,546432130,54,4,26,4,29,551,0,粉丝创作
64595284,112141087,2586,14837,28609,9366,11202,32610,0,音乐现场
210597135,479944728,16,12,448,78,2,934,0,明星综合
75819667,129700229,5213,12295,31950,39363,10140,37241,0,音乐现场
543843036,285948195,3086,1603,3700,1823,8893,20211,0,音乐现场
421897774,449783012,918,1752,15479,6859,6098,17702,0,明星综合
294528642,452792810,15904,20690,31897,49349,19827,42476,0,音乐现场
978059510,480738050,5709,7545,31232,2682,695,285686,0,音乐综合
294657565,457621075,16,7,523,91,0,771,0,娱乐杂谈
464601272,451214175,1247,861,579,72,66,7680,0,娱乐杂谈
808216333,483915171,623,536,308,44,6,1295,0,明星综合
84557871,144621818,1180,4289,26887,13949,5998,31571,0,粉丝创作
48178615,84388857,962,3500,5634,955,304,22880,0,音乐综合
978840707,501506558,194,224,806,951,112,3280,0,音乐综合
82719461,141522360,1145,2735,25088,15901,3133,33511,0,粉丝创作
423989916,507071159,114,15,1578,388,69,3719,0,音乐现场
22799580,37865597,644,1960,4733,1470,448,4645,0,影视剪辑
295312783,476849496,1210,654,2203,3515,667,8055,0,粉丝创作
719683311,473549386,567,670,9796,4048,4483,11207,0,音乐现场
582943326,183604665,442,383,4847,617,363,23792,0,明星综合
979472110,540758405,86,9,123,15,17,744,0,综艺
295289458,475787245,245,184,3850,3457,328,5189,0,粉丝创作
979263086,517207588,231,364,2054,695,275,3275,0,综艺
1211244,1811026,7375,72990,29903,8870,5336,16804,0,音乐现场
719701942,457550668,914,384,8943,11185,2570,14602,0,音乐综合
50225246,88141346,2544,4314,15119,22838,4774,21951,0,粉丝创作
379649851,457456249,778,801,8441,3198,2387,10092,0,音乐现场
58639753,102256271,2182,3454,14530,19626,4600,26538,0,明星综合
22041882,36433231,1253,2905,13265,1169,5915,7554,0,明星综合
20284185,33111702,1231,42421,24027,8693,2289,12566,0,综艺
53045721,92782562,1303,16291,23276,15216,3323,19225,0,音乐现场
38027478,66849254,1226,1782,7069,2433,1406,9835,0,日常
681821051,514818012,45,0,80,5,16,740,0,日常
722171297,458238824,1997,833,3445,572,107,13209,0,音乐综合
77248076,132127459,1095,2322,7213,4648,1085,37898,0,日常
26209623,44989113,2751,1473,826,62,350,1630,0,娱乐杂谈
886765672,299866033,541,300,2109,722,62,33339,0,综艺
592971408,476247584,429,741,7795,3095,691,7011,0,粉丝创作
48162685,84358826,1126,5836,27509,9671,3915,18852,0,音乐现场
26591971,45730060,3689,8732,17636,68833,7537,27018,0,演奏
764614710,452131147,13879,11444,34671,55648,24106,43915,0,音乐现场
68169185,118157762,8326,34648,37811,44641,12182,56935,0,音乐综合
7993655,13131823,5728,16397,72323,17693,27881,46854,0,综艺
295790428,489793920,284,76,1968,384,186,7893,0,明星综合
209449302,450706227,1032,833,2890,4851,1761,14043,0,日常
28078429,48520061,502,742,8392,888,675,8416,0,明星综合
30615231,53439486,1806,6370,12912,1494,1163,31456,0,明星综合
7809706,12842281,1594,10172,25345,3999,11426,12967,0,音乐综合
328683013,208599826,4716,5970,2384,4126,725,16569,0,音乐综合
586330931,286178083,13494,286521,16767,38741,14696,162204,0,人文历史
636186829,499499637,556,137,754,1223,110,2788,0,综艺
285967181,200640843,4106,10878,17235,10643,4379,23025,0,音乐现场
801993105,304077682,5535,5096,1044,625,1017,11989,0,音乐综合
551151145,497563110,181,148,88,7,5,2402,0,娱乐杂谈
925838621,196841092,3121,3869,8399,8837,4997,54850,0,美妆护肤
892550768,466868166,449,302,6319,1141,12,9848,0,音乐综合
465812689,489544898,15,150,105,9,2,137,0,明星综合
89105334,152198116,526,4448,21084,5482,3059,23649,0,粉丝创作
764507590,451378227,17244,17064,42329,60591,32118,53439,0,音乐现场
370077788,173745468,1197,3357,6456,335,1478,16811,0,综艺
37647012,66187452,270,337,5051,381,228,5714,0,明星综合
455312396,179740994,2484,4366,11074,9876,1932,17954,0,社科·法律·心理
464630232,457460802,666,802,9839,4040,3654,10945,0,音乐现场
57498043,100377200,1271,6749,29846,20318,2609,29718,0,娱乐杂谈
92485159,157912073,8813,12326,32843,34221,10580,48577,0,综艺
806957774,450739653,495,2285,8450,2112,572,6748,0,音乐现场
40511083,71148850,430,1352,5398,260,482,8129,0,娱乐杂谈
85590388,159159350,993,2972,15781,14027,5544,22733,0,粉丝创作
211989521,540788103,108,73,27,19,16,553,0,综艺
22545920,37491438,602,14162,27484,8210,1512,16533,0,明星综合
48420937,84807357,466,3066,9669,1134,2741,12004,0,综艺
16585807,27051394,980,2541,14500,4793,5275,13660,0,音乐现场
17766485,29007122,131,257,3122,760,373,5450,0,明星综合
50114004,87686053,751,27754,25236,8028,1182,19146,0,综艺
809473602,541152180,51,6,23,0,1,165,0,明星综合
850332713,473568570,869,823,3441,7972,652,8426,0,演奏
467200103,545708725,96,10,134,25,22,846,0,明星综合
27656115,47730554,3697,5505,3369,812,1034,6102,0,音乐综合
59579559,103784124,724,901,1832,124,71,8038,0,音乐综合
592031593,453984439,4505,2542,10679,7376,5564,16960,0,音乐现场
549239895,441761107,697,3553,932,857,53,7197,0,娱乐杂谈
91577524,156374771,4806,8168,15704,34170,6128,35804,0,日常
97974503,167247088,9227,22561,26355,39774,10240,39489,0,综艺
506898036,448538772,787,585,4137,6223,1003,12745,0,演奏
849940313,464038721,35,12,415,45,2,900,0,娱乐杂谈
380274112,475393295,362,747,3283,1446,342,5564,0,音乐现场
893095628,482124500,668,256,267,58,765,4245,0,娱乐杂谈
45067318,78926189,578,4313,3929,345,496,5810,0,综艺
676815605,444073477,4409,1336,6315,3206,3567,12501,0,明星综合
76483811,130827700,1385,14066,25771,15252,5252,26578,0,粉丝创作
39879067,70036154,2082,13604,16415,13213,4265,15063,0,音乐现场
455019827,170457330,7625,44926,23580,38027,7445,40472,0,综艺
636657159,511756419,128,103,95,2,8,657,0,明星综合
295353927,474503771,420,363,2019,573,196,4397,0,音乐现场
372748590,251531344,676,397,927,1852,84,21523,0,音乐综合
497776484,178236499,1442,4250,15448,21565,4091,19785,0,粉丝创作
508846189,501521987,474,537,214,40,11,1859,0,搞笑
70039770,121351868,2069,6555,11109,1717,7208,17651,0,明星综合
22163416,36659504,1380,3116,21404,7388,4343,17854,0,音乐现场
75795973,129664078,1861,5151,12317,5886,5686,16280,0,音乐现场
40926337,71888134,2360,6663,31342,20440,8761,29151,0,音乐现场
422130598,455587304,7499,9933,29530,46115,17674,37685,0,音乐现场
35380437,62017696,1781,3958,6913,7254,741,12080,0,音乐现场
752676819,175864468,3619,1872,5397,905,8918,20156,0,日常
380023767,469372437,188,330,227,472,30,2443,0,音乐综合
27151492,46792483,1744,1048,420,98,126,1425,0,综艺
338261468,488651306,321,616,1240,335,87,2408,0,明星综合
852012856,543106071,20,29,15,35,1,265,0,影视杂谈
83049300,142069255,3430,6489,23114,52231,12659,56374,0,音乐综合
935856647,488500596,90,95,77,293,9,911,0,音乐综合
509500255,542666400,97,174,93,291,13,1292,0,音乐综合
678787662,503296920,377,521,2385,236,53,5243,0,音乐综合
295298477,473907379,791,891,219,29,136,3089,0,音乐综合
421916220,450920721,15009,11565,19421,15084,10736,30093,0,音乐现场
57451224,100289201,1274,3256,21251,18104,6306,27429,0,音乐综合
79163251,135577851,1520,1788,21821,21835,4403,28089,0,音乐综合
677782911,474620132,41,32,3503,659,9,5404,0,明星综合
671257849,286404710,3191,2898,2665,5411,1040,36745,0,综艺
550111344,468087359,3303,4066,14211,22915,7931,20094,0,音乐现场
467177539,546553498,59,36,30,152,7,769,0,音乐综合
49998568,87533819,581,3410,3308,180,1382,8065,0,综艺
625549485,188681205,678,1417,19476,5456,777,22468,0,音乐综合
37118634,65229846,1021,2301,13490,3132,1622,15834,0,演奏
28524365,49364059,3726,16808,6539,2535,2139,9703,0,音乐综合
211934698,540131485,5,1,23,4,0,56,0,明星综合
331265787,286979409,5773,6581,5057,8234,1521,53630,0,美妆护肤
465614691,481473583,356,205,147,51,7,1389,0,音乐综合
849538783,454083672,1116,441,6429,2937,3905,9775,0,音乐现场
16837477,27507919,1030,2162,23739,9949,6430,20407,0,音乐现场
460204039,325189856,795,161,1604,300,1683,6349,0,搞笑
11859207,19581666,465,665,17165,2194,2667,7797,0,音乐综合
20157029,32903302,2405,3862,23986,20549,3995,26238,0,MV
412781062,178571601,1886,1331,10698,12081,2195,21924,0,音乐综合
75253913,128728240,1599,5470,16669,5533,3459,22799,0,综艺
97742770,166855381,778,5965,10969,8508,1078,36915,0,粉丝创作
296675436,512251249,127,97,60,192,5,1090,0,音乐综合
22060213,36466001,372,1844,2856,1314,367,5182,0,娱乐杂谈
7731183,12673704,11442,20207,93768,30856,33584,57456,0,明星综合
382169858,545489571,12,25,15,1,0,140,0,明星综合
21097888,36424319,0,505,7057,283,900,5258,0,明星综合
27406500,47265368,1492,2538,4376,919,1196,7849,0,音乐现场
209396110,449747960,6260,3744,20654,13916,10373,28145,0,音乐现场
22194306,36718451,878,781,3475,821,874,4602,0,音乐现场
85677810,205039333,1283,6939,26594,25265,8483,31396,0,音乐现场
19522383,31832347,1691,2456,20436,10229,5205,20139,0,综合
838512772,205244110,28760,108227,47813,76279,23226,77062,0,音乐现场
625609484,188750692,952,2346,8014,6039,1307,20390,0,综艺
79261362,135638658,1450,3522,17357,11514,3868,17865,0,粉丝创作
719515343,454151184,584,675,4669,2906,1108,7272,0,音乐现场
26479688,45516425,1693,965,1389,207,420,5323,0,明星综合
465526674,479746431,6,1,99,8,0,201,0,明星综合
252921310,478596087,270,734,105,162,9,759,0,娱乐杂谈
465629727,485388258,972,651,2621,235,60,76140,0,娱乐杂谈
76207047,130351633,5692,11717,42167,18429,22960,46979,0,明星综合
41981972,88085080,925,31651,18687,3623,1555,12073,0,综艺
498366891,194665630,1879,2264,26661,24347,7270,32219,0,翻唱
19226854,31356089,2848,13849,21457,8557,4331,12512,0,音乐现场
91410059,156090212,759,4296,8662,4003,1634,24337,0,综艺
30482557,53195052,343,776,12758,2162,3259,11568,0,音乐现场
26478804,45514820,3301,1246,1268,268,438,7191,0,综艺
637199097,545855554,32,18,20,83,5,455,0,音乐综合
971339206,286209430,2322,3912,1899,4254,1871,31731,0,娱乐杂谈
464748156,456943806,6451,17206,24271,38577,15287,31779,0,音乐现场
464532527,454275877,631,496,6876,2083,1785,6318,0,音乐现场
423666867,499365447,104,481,772,249,111,2159,0,明星综合
339057254,510657866,59,44,49,168,5,788,0,音乐综合
77247424,132131112,1333,2569,3589,5593,1309,14463,0,综艺
296821400,515586017,52,28,49,194,10,917,0,音乐综合
6404723,10553910,4706,86745,42787,10744,8646,20316,0,音乐现场
84637066,144752292,367,2744,2676,3127,256,14639,0,娱乐杂谈
551796788,515680810,95,172,53,85,8,761,0,明星综合
507364450,459800891,563,277,3646,3831,582,5934,0,日常
94576698,161454509,1832,7478,10913,24832,2707,26918,0,音乐综合
976790012,444452004,1888,4385,9173,15048,3257,13033,0,音乐现场
721991463,449417045,934,10001,17914,6614,2771,16001,0,音乐现场
455641759,190712676,1920,3269,18298,28526,4599,23640,0,粉丝创作
380839893,488533755,481,1881,1350,996,395,3718,0,音乐现场
886481763,289032568,4051,6784,2734,7014,3105,49493,0,娱乐杂谈
68275430,122937998,5200,34633,12770,10295,3073,11161,0,粉丝创作
764995615,462666645,418,179,1282,127,15,1519,0,音乐综合
18398946,30030920,1824,934,13557,1963,1299,26515,0,综艺
98464926,168088332,1754,2510,8439,2390,1801,10481,0,翻唱
547266529,386955841,2219,1622,5140,2103,380,48363,0,娱乐杂谈
891978359,450371868,749,298,5125,5592,1921,7594,0,演奏
80128837,137230470,8677,40669,670676,575175,146398,789685,0,翻唱
26256553,45083162,630,1297,1969,107,131,2720,0,明星综合
75349543,128883257,5610,18904,35838,42212,10724,47966,0,MV
634778908,461156979,1148,1186,1491,284,1165,6078,0,音乐综合
765477335,479438195,1180,200,5149,5474,955,7749,0,演奏
297016012,541858776,53,56,44,149,5,759,0,音乐综合
421672719,440585776,2723,4057,9609,16296,4670,13104,0,音乐现场
467168961,545669668,31,8,95,21,8,415,0,明星综合
11083947,18349822,2034,4601,20706,4901,5392,10391,0,预告 资讯
79728578,136448865,4987,12513,118881,81243,20461,323557,0,翻唱
78341524,134048974,726,1444,16138,9742,5229,21786,0,明星综合
68463096,118655492,824,2066,6942,12682,2042,20405,0,翻唱
724687639,546288038,39,22,7,55,0,164,0,娱乐杂谈
550033430,467872922,624,879,5593,4995,738,7951,0,粉丝创作
31388065,54815705,714,3513,16475,8625,4345,17176,0,音乐现场
849399121,448035581,878,784,1983,4014,467,8764,0,音乐现场
32923818,57621127,730,1305,1971,1209,178,5754,0,综艺
53415168,93447469,858,1373,1749,587,129,8212,0,音乐综合
766899863,541686911,105,143,92,284,10,1095,0,明星综合
42596435,75266454,682,20514,17886,10478,2010,14771,0,音乐现场
682078554,544756467,22,12,42,4,0,217,0,音乐综合
39060459,68646472,916,4751,3148,3155,591,13766,0,搞笑
86178433,147315277,1642,6566,11221,26948,7296,43558,0,音游
17287018,131080429,1843,5685,29958,14664,16469,23748,0,音乐现场
96116718,164081633,270,302,1434,911,152,6797,0,日常
977334782,461516272,801,613,6752,12254,965,11030,0,粉丝创作
422063562,454177881,581,479,7294,3743,3257,9007,0,明星综合
719389812,450386084,685,631,8490,2789,1961,8220,0,音乐现场
807447251,464585205,105,92,84,218,9,1373,0,音乐综合
76480828,130817069,1419,39613,31545,12735,4746,28710,0,音乐现场
31565971,55192928,2647,6128,30720,12863,16197,27455,0,音乐现场
722311240,460386671,50,70,65,109,4,750,0,音乐综合
416348376,287126611,6703,1824,8219,12238,8525,74626,0,人力VOCALOID
295391285,478811773,155,254,71,319,11,1126,0,音乐综合
765431916,478403665,15,69,562,45,5,916,0,音乐综合
84041788,143767308,1323,1951,12889,21113,3013,22791,0,演奏
76945679,338604102,3414,12143,41566,21128,25310,40855,0,粉丝创作
287759367,257833208,4585,33188,24942,27545,12863,26198,0,音乐现场
634725617,456315649,6232,9480,24129,38426,14444,30868,0,音乐现场
677465772,462485024,121,222,99,222,11,1467,0,音乐综合
892788019,474414401,53,104,192,30,17,474,0,音乐现场
582747516,176608437,186,69,202,117,14,1815,0,日常
78841150,134904259,215,766,1873,946,189,9844,0,娱乐杂谈
849722492,455381386,1541,1837,7523,4689,3018,13598,0,音乐现场
242610443,173610964,1511,4122,13724,11782,2013,19815,0,日常
96080362,164013393,21613,84918,36869,53499,18385,59366,0,综艺
75969881,129954525,15220,33480,70365,36974,49961,79097,0,音乐现场
54636530,95575237,95,557,1465,81,55,2786,0,音乐综合
78081963,133581024,958,5075,6638,17542,2986,18773,0,娱乐杂谈
16094842,26257892,1533,3800,23711,3655,4298,14552,0,音乐综合
335721787,415381494,251,18,197,6,12,14308,0,粉丝创作
61325397,106681350,794,1869,12019,15228,2960,20210,0,音乐综合
211238366,497473359,76,154,59,336,11,965,0,音乐综合
12064764,19904234,616,2690,9622,1233,1607,9042,0,MV
76192711,130327825,1011,2788,23026,6976,3649,14878,0,音乐现场
31639597,55327583,5540,9780,46957,34014,29550,43223,0,音乐现场
296994401,540838055,84,69,18,4,11,339,0,明星综合
807783883,474493000,3,2,39,8,3,126,0,明星综合
89556163,152955969,2184,7314,30133,62281,11701,60115,0,音乐综合
87905174,151911268,656,3323,16959,15552,3530,21843,0,音乐现场
850556912,482848671,843,225,224,105,1393,1741,0,电子竞技
253311969,487178675,125,143,36,161,6,728,0,音乐综合
71973515,124708190,5377,6960,18020,31442,5291,32082,0,MV
840051242,173590875,2227,2595,7867,13134,2038,22510,0,综艺
4345917,7033268,1310,6304,17825,2995,3099,7488,0,明星综合
290384171,333102483,255,208,1356,563,64,5200,0,娱乐杂谈
44290463,77555413,1467,2426,9406,21760,3890,23819,0,翻唱
883030281,207623713,1382,8121,17712,15668,4206,20226,0,音乐综合
94792596,161755107,497,2442,3550,4974,475,18676,0,综艺
339312131,515513142,148,207,172,16,2,1598,0,音乐综合
89329418,152576196,1441,870,12427,18336,2232,30503,0,演奏
722348880,461417053,306,327,188,648,33,2361,0,音乐综合
94671968,161596494,948,1909,15899,18421,6934,23068,0,影视剪辑
253115012,480221765,1373,854,3160,2363,525,6260,0,音乐现场
91370382,168812075,3965,3787,51534,53239,7591,109723,0,翻唱
91414711,156097613,1447,2212,3415,10553,1431,30763,0,手工
721916669,450394290,5768,2840,15943,10919,7229,21669,0,音乐现场
678733847,500349655,73,76,62,191,8,986,0,音乐综合
90495221,154547563,2495,3954,6276,5886,7022,20084,0,综艺
31958621,56000492,338,1334,16775,2672,1446,8643,0,音乐综合
464967648,462911240,117,150,1312,232,222,4953,0,明星综合
25207578,42738531,1191,6264,3463,215,1370,4334,0,音乐综合
4467162,7238990,312,184,1766,86,145,1128,0,综艺
86551497,147919418,885,4715,5067,10923,6583,20185,0,音游
252769437,474430098,8,1,30,6,3,128,0,明星综合
31580310,55201521,1157,1646,16029,14378,4536,19324,0,演奏
53012133,92745478,390,954,12036,2034,1805,11471,0,音乐现场
463394051,421227721,11100,23057,16472,27965,8030,22362,0,音乐现场
379445634,450246239,1646,1076,7790,3918,3414,10326,0,音乐现场
668145172,193416762,1005,1577,8052,10463,1362,29583,0,演奏
77362930,132265010,996,37215,23824,8661,3475,19966,0,音乐现场
809618230,545137099,47,26,25,134,8,618,0,音乐综合
16619546,27107063,583,692,3788,1563,284,3374,0,翻唱
379727958,456381126,187,332,3810,1011,1059,2536,0,音乐现场
13413662,21976412,950,2911,2281,1509,464,3596,0,娱乐杂谈
968261358,193781379,1006,1623,6481,10551,2155,27936,0,翻唱
626397338,214397673,3340,5572,11228,23998,2959,24892,0,明星综合
679730171,545724774,11,4,217,10,11,8044,0,明星综合
886280890,285937159,24643,4186,1901,743,4205,25671,0,明星综合
78092599,133610441,4598,15346,160205,196332,47568,206605,0,MAD·AMV
1745163,2666078,4347,6542,35012,9986,6326,31000,0,MV
54525639,97586206,5843,87355,14929,10961,3303,13798,0,粉丝创作
677814285,474529113,60,22,230,46,28,558,0,音乐现场
806788804,446309718,2016,1978,6261,11772,2084,16547,0,明星综合
681371631,503746103,350,28,480,137,18,2557,0,手工
331483203,289307832,1392,2936,8128,11707,3060,26522,0,社科·法律·心理
421355775,432206183,2544,3642,10657,18220,4159,14416,0,音乐现场
76903084,131451067,680,24265,20776,6692,1923,15991,0,音乐现场
47080497,82456597,2014,8619,1728,207,2386,5858,0,音乐综合
78326262,134021788,326,1807,2928,1802,388,13969,0,娱乐杂谈
75627126,129373780,738,2397,1888,2274,1240,10397,0,翻唱
245865640,273000944,1487,1778,28105,34864,5659,49516,0,演奏
849935636,462286557,14,10,58,14,5,254,0,音乐现场
26682960,45905217,1648,1206,1034,304,756,4142,0,音乐综合
26369842,45303833,1613,1702,1809,1220,154,2237,0,音乐综合
98002991,167292783,529,729,2946,2492,355,16361,0,综艺
29940600,52161483,754,2078,12714,12527,3543,13398,0,翻唱
35931000,63063279,824,2579,4136,3541,447,15992,0,搞笑
507142603,454920900,499,368,4785,2293,1300,6432,0,明星综合
98014869,167312977,125,111,199,359,21,2624,0,综艺
27680374,47776646,1328,2970,3330,2788,417,11258,0,搞笑
76674301,131148476,1695,1741,22938,24800,4580,32229,0,演奏
934431984,450358283,702,353,2175,4548,676,10317,0,翻唱
633638404,428645777,4066,6274,11501,20259,5137,15321,0,音乐现场
764720435,455442516,580,227,1309,3327,401,6271,0,翻唱
79755486,136490268,1440,4912,12931,23123,2187,29748,0,翻唱
96758090,165163399,1736,2654,7854,13607,972,30494,0,翻唱
78190919,133784989,1296,1935,18043,28660,3248,36720,0,翻唱
979324745,516551782,65,3,22,6,13,226,0,明星综合
13308361,21815354,315,1518,6927,129,695,3680,0,娱乐杂谈
76395781,130677347,2347,1372,13389,19209,2307,30771,0,翻唱
370658271,191840372,1227,1956,14521,20267,3440,27162,0,演奏
87922625,150212752,793,1423,12079,9304,3460,20439,0,演奏
937026641,543603914,87,21,36,137,11,660,0,音乐综合
79062126,135304228,1861,1230,11890,14647,1531,27396,0,翻唱
79394195,135864888,649,3191,16583,17858,757,24372,0,音乐综合
463876976,436113194,1607,2101,7746,13802,3221,10910,0,音乐现场
463547972,425044212,4048,6392,11743,20766,4435,16436,0,音乐现场
29651370,51584898,4752,26370,14641,8760,4090,10972,0,明星综合
77234824,132110236,812,1521,13687,15820,9101,17573,0,音乐综合
78563270,134420742,812,571,13215,10466,2213,23343,0,翻唱
76055686,130099044,5321,7350,15845,8014,9593,20237,0,音乐现场
209560350,453455152,689,452,1464,3790,361,7933,0,翻唱
78701346,134658980,922,707,17259,21585,3341,21799,0,演奏
80817288,138320003,423,2242,6095,3008,499,22373,0,娱乐杂谈
36113448,63396242,952,3141,8436,10594,1772,21717,0,翻唱
636419587,504591258,27,79,2405,124,4,2554,0,音乐现场
32464378,64984191,636,4353,5382,1661,780,7683,0,音乐综合
978077136,481092977,110,130,78,246,10,1264,0,音乐综合
678435833,492321488,114,67,150,8,13,5234,0,明星综合
294989395,464972910,47,14,20,6,13,256,0,音乐现场
78999548,135187612,2904,3052,76922,70041,14648,140165,0,翻唱
79982673,136883868,1850,1751,48088,50109,10891,61078,0,翻唱
25409432,43957539,1269,2120,8503,13503,2195,18731,0,翻唱
23276387,38765420,3324,4799,23632,37004,4202,24358,0,翻唱
10075104,16649608,758,2747,8454,1890,2928,8507,0,翻唱
79374660,135834485,1843,572,10383,12096,1582,24384,0,翻唱
882600092,170489431,71,63,242,448,22,2053,0,网络游戏
6036843,9798813,544,1833,1035,1367,179,1457,0,娱乐杂谈
839043798,218706809,213,3385,4,873,5,5083,0,综艺
541506893,218704665,144,4327,1,592,6,3362,0,综艺
839087093,217680172,376,9713,7,1101,4,4280,0,综艺
969120786,276975702,257,4448,3,1461,5,6802,0,综艺
329051363,306825896,511,3548,1,1232,3,8063,0,综艺
466757681,516223972,47,64,0,29,0,492,0,综艺
331608813,292916139,6019,21880,13006,17022,2625,13873,0,音乐现场
70398589,121954016,414,3987,14894,7451,1612,23793,0,明星综合
46076034,80725567,1889,4113,16373,19111,2324,19121,0,明星综合
96783424,165211535,1250,7891,1116,2916,230,8938,0,综艺
337427758,464268521,305,2794,4071,1763,190,4284,0,音乐现场
77166382,131993389,659,2528,3565,1498,921,12751,0,音乐综合
253366610,489580353,214,562,254,479,96,2136,0,翻唱
979564279,545327637,62,9,17,51,9,266,0,综艺
88291306,150826198,521,4695,17448,5823,2869,24411,0,粉丝创作
48481742,84903340,1601,4855,15325,14095,2382,17539,0,综艺
886396489,289587624,1749,2023,3223,4429,409,10410,0,综艺
97301683,166104869,960,2427,5582,3991,4609,24003,0,演奏
83012600,142010597,729,1975,19669,6783,2577,19403,0,音乐现场
99020849,169031422,3416,790,2099,6730,337,21923,0,音乐综合
540930044,200123376,1604,2364,14641,18863,2307,20621,0,明星综合
97817452,166985385,919,382,2596,2224,561,6730,0,社科·法律·心理
63850116,110853569,2081,5861,1101,152,3149,4812,0,音乐综合
41932093,73623972,354,1802,4467,1138,1410,5474,0,音乐现场
50016832,87563498,1609,669,2644,124,376,3568,0,日常
808596403,495075676,20,12,60,8,7,1428,0,综艺
91680997,156550164,389,912,4211,207,651,21052,0,粉丝创作
75593956,129310036,970,10819,17788,4530,2903,20889,0,粉丝创作
54422785,95186151,1110,909,8661,1931,1060,12819,0,粉丝创作
337005409,453038869,228,206,3983,1842,442,6384,0,粉丝创作
970224434,254624024,2305,5701,9093,13766,3125,17163,0,综艺
593025347,480677489,148,62,2435,2355,121,4925,0,粉丝创作
92983664,158742270,578,1393,14362,12500,3704,20529,0,影视剪辑
979726872,546197990,46,19,124,120,13,552,0,明星综合
55111173,96372118,1377,3563,17335,12040,2980,17479,0,粉丝创作
45729361,80317057,235,1784,2902,206,231,5443,0,综艺
637047613,545338435,124,29,1036,253,66,1255,0,明星综合
543806911,285972134,1324,1081,1228,3677,2185,21544,0,搞笑
967592551,171091977,1457,8433,7167,19567,1777,19163,0,音乐综合
886932090,303369301,4322,4645,7086,7579,1423,12423,0,综艺
636710510,513649935,156,105,189,290,27,1208,0,音乐综合
7700293,12618030,352,1353,11624,1213,2990,6646,0,明星综合
96915317,165456002,553,1299,11599,14805,1917,23069,0,影视剪辑
756317666,286126487,715,1142,1881,67,792,3823,0,综艺
380861716,486967889,105,83,2613,903,204,5210,0,音乐现场
91976132,157044206,663,6238,1030,3705,215,8769,0,综艺
76398224,130841789,504,989,11876,12699,6775,15157,0,影视剪辑
81538475,139527689,1498,1638,6161,2518,1958,15044,0,音乐现场
851603291,511100298,234,30,855,826,75,1774,0,演奏
894544078,541778197,51,61,208,57,60,654,0,综艺
47010475,82338462,3923,3916,4089,12926,1775,15268,0,音乐综合
32392898,56669949,629,3351,9976,2100,1057,6609,0,音乐现场
509428604,540218249,30,2,361,24,13,1416,0,明星综合
254139165,512290753,50,41,1084,51,37,2487,0,明星综合
668032867,187850098,1208,1274,9581,10976,1773,18374,0,影视剪辑
336884082,449598992,801,631,3395,1733,1588,5378,0,音乐现场
69864806,121061612,706,623,15272,4777,1237,13728,0,粉丝创作
20345600,33243055,1156,1602,1748,481,248,3136,0,娱乐杂谈
808252018,489539142,403,776,1913,675,179,3944,0,明星综合
25265950,42865696,167,176,1251,111,97,2823,0,明星综合
4349087,7038678,675,2938,7515,1006,1478,891,0,娱乐杂谈
87427793,149811256,1386,13376,12378,15618,2081,17314,0,明星综合
837606517,173918441,1527,4156,8611,7188,4018,20821,0,粉丝创作
466022143,495788346,300,319,541,836,164,2930,0,翻唱
40598373,71301782,237,445,2640,64,338,3002,0,娱乐杂谈
98390417,167960807,626,2059,13941,8102,1865,21995,0,粉丝创作
34483840,60409128,170,91,3171,210,180,5104,0,明星综合
89399337,152697261,552,1962,6129,3653,5160,15922,0,音乐综合
667910607,184536043,1235,939,12767,11997,2496,17914,0,演奏
77155167,131969592,130,781,826,90,86,3416,0,音乐综合
40546600,71213010,246,232,2064,94,215,2895,0,娱乐杂谈
96189730,164199803,537,1199,13205,7398,988,23019,0,影视剪辑
56817990,99245882,525,804,11086,13499,1496,16147,0,音乐综合
327869919,180807700,466,6589,4764,643,1177,29890,0,明星综合
424374976,515739594,15,6,6,0,5,81,0,明星综合
83836505,143429942,1818,7232,10438,8834,1566,18128,0,音乐现场
625019596,171873358,923,2292,4992,10157,700,18863,0,演奏
24034784,40245840,602,22540,17097,5248,1196,8408,0,综艺
48574242,85044852,657,14783,21140,8358,1766,13534,0,粉丝创作
47354106,82931969,1024,3536,2577,1424,314,6077,0,音乐综合
757971250,333471362,1514,15391,9755,11959,1752,10753,0,音乐现场
540647017,190931872,386,1885,7443,7830,901,24603,0,明星综合
93755838,160072786,571,1680,11610,7044,2081,24419,0,明星综合
17616330,28756772,799,1858,3244,1277,966,3627,0,娱乐杂谈
19185495,31290295,276,287,1694,210,523,1530,0,明星综合
372011743,232966676,773,1370,12263,9150,1264,17676,0,粉丝创作
93781174,161964872,1442,1681,16847,10626,5336,16524,0,音乐综合
935969723,493844067,215,330,906,1171,80,1654,0,音乐综合
87398244,149333648,2729,5455,7976,13912,1177,17653,0,综艺
724373988,516691824,81,145,288,33,17,1075,0,明星综合
545441839,333784016,1155,3116,8802,4216,1323,12485,0,音乐现场
335103076,394068274,920,829,5820,7225,1372,10726,0,影视剪辑
31476172,55023192,744,3001,11536,5640,4223,13151,0,音乐现场
54193518,94800518,441,1796,6968,1100,834,12218,0,音乐现场
838011354,187982413,1017,2906,8428,11657,2710,20968,0,影视剪辑
30541934,53305218,183,73,4168,264,409,4900,0,粉丝创作
24827122,41847954,2739,262,442,57,83,1123,0,明星综合
61555885,107058887,448,1668,5962,922,484,9624,0,综艺
57255417,99974568,401,878,5378,817,2154,7980,0,综艺
327761343,178691599,1521,2092,767,1689,409,11265,0,翻唱
926291304,212222155,5628,20965,6627,6450,1000,7832,0,粉丝创作
550045894,466113849,70,17,48,0,16,423,0,娱乐杂谈
48823944,85498139,329,3164,4957,1003,426,7217,0,影视剪辑
30687332,53565228,713,1568,10362,3661,2856,8425,0,MV
76263521,130450941,381,803,9946,4982,2020,11309,0,粉丝创作
26736420,46005874,63,1107,1480,203,242,2533,0,综艺
759441666,377829205,1446,936,4621,8253,1234,11479,0,翻唱
501482338,290854535,1956,1492,1780,6344,362,22301,0,明星综合
244033966,219329304,1859,4525,12450,13559,2112,15273,0,粉丝创作
16895117,27601353,1008,1985,14381,5725,2702,13680,0,音乐现场
722073801,457132416,200,1678,6548,1839,361,4652,0,音乐现场
65714304,114000694,768,1976,11398,8172,873,18135,0,粉丝创作
795644584,192237078,1030,2385,13785,12421,2334,16882,0,粉丝创作
935745290,485617393,164,64,731,876,281,4312,0,翻唱
48517021,84967185,549,789,12844,10210,1228,16530,0,影视剪辑
724147997,511812348,84,14,118,39,10,1666,0,娱乐杂谈
32357373,56617150,410,1458,1098,622,41,3158,0,日常
464540460,451387388,362,438,3778,2214,642,5519,0,粉丝创作
84863963,145124087,1193,6341,3804,9688,1644,13033,0,娱乐杂谈
722495760,463619993,224,95,4609,940,302,5382,0,音乐现场
635393673,477364087,104,51,1648,553,178,6455,0,综合
422070012,451289646,609,911,3431,2069,948,6246,0,音乐现场
24403462,40966043,1378,1458,4704,1733,518,3582,0,MV
68256505,118306031,369,2774,11877,2373,678,12145,0,明星综合
20700460,33882999,2828,4251,8900,9421,2493,12135,0,娱乐杂谈
756568171,293385606,4861,4352,7516,10679,1385,13139,0,综艺
979469420,541533363,71,63,123,6,2,178,0,音乐现场
39252076,68981819,130,98,1990,86,260,2843,0,音乐综合
891926763,450549996,522,1371,5426,1681,403,4641,0,音乐现场
46349675,102228558,1331,7185,2841,3824,451,13543,0,娱乐杂谈
22582300,37454161,658,2885,3393,2109,821,4927,0,娱乐杂谈
76491151,131718320,948,1627,10452,11911,4147,15937,0,MAD·AMV
634526949,454463768,422,528,1383,3613,187,4781,0,音乐综合
47448659,84464294,1612,2779,11407,8186,1153,13695,0,音乐综合
543807372,286117284,1716,1903,1503,5976,1561,22605,0,日常
88618974,151381383,1522,7321,920,4633,196,7736,0,综艺
203868646,287022641,986,787,528,30,800,2944,0,娱乐杂谈
28714286,49737468,899,11661,15590,8932,1891,11579,0,粉丝创作
40430457,71008383,1064,1827,8577,14240,2293,15529,0,绘画
809528481,544777214,14,1,80,22,7,275,0,明星综合
679323320,517365271,74,101,444,474,61,943,0,影视剪辑
766337547,502678237,146,146,1187,1240,156,1682,0,明星综合
499887516,244670657,4837,25373,3982,4582,606,5159,0,粉丝创作
94426164,161200071,4005,2939,2051,3655,9146,7464,0,电子竞技
17332017,28317009,1288,2359,9617,2404,6002,4651,0,音乐综合
758659,1107456,648,3841,5934,823,1279,7699,0,音乐综合
295487279,479089446,13,3,179,17,0,215,0,音乐综合
82464005,141093029,827,3430,3849,9511,1905,12874,0,娱乐杂谈
338310833,486904093,93,70,1804,187,175,5394,0,粉丝创作
211926075,540019799,81,157,206,189,23,920,0,明星综合
16668016,27182463,742,1983,6831,1127,2826,8051,0,音乐现场
545220300,328571432,3237,1644,1160,475,699,9544,0,音乐综合
61055004,106226155,267,283,3908,203,207,6901,0,明星综合
2695454,4209875,228,669,7393,1322,1340,5908,0,MV
86376177,147628801,460,1327,8036,10553,1660,20150,0,音乐综合
78375468,134102223,1933,14083,13159,10593,3105,14280,0,粉丝创作
42510942,74592010,811,5914,9509,4671,1008,10399,0,粉丝创作
883074135,192986128,439,5587,14414,3133,833,10841,0,明星综合
682013816,542360278,64,27,78,168,13,630,0,音乐现场
587981898,333612854,1665,2940,1461,747,3517,5735,0,网络游戏
458141944,269214940,449,524,8778,7355,4640,14560,0,舞蹈综合
714685607,312525093,761,913,6543,2800,540,17303,0,综艺
594611536,544260093,22,0,70,12,7,394,0,综艺
209669590,458319163,119,202,3542,2098,416,3359,0,音乐现场
23807467,39804918,472,1674,1361,351,175,3449,0,翻唱
375323347,328921149,2323,2182,5403,8116,1325,11560,0,手机游戏
337164280,455776661,1005,1275,1201,855,632,5936,0,翻唱
327791995,179967198,898,13585,5970,12283,1364,16198,0,音乐综合
253461750,491625555,135,70,1846,404,101,4067,0,音乐现场
28016622,48404909,303,496,832,52,93,2211,0,明星综合
543828660,286466644,3225,2369,2932,3434,3687,11071,0,财经商业
18043105,29458381,592,7393,19349,5275,2143,7574,0,音乐综合
9512299,15724956,141,527,1969,356,702,2075,0,音乐现场
89707240,153218046,785,3287,6805,6212,720,16627,0,粉丝创作
47042221,82392780,1006,946,4197,5452,1176,9788,0,翻唱
936698592,514458081,113,134,85,5,7,907,0,综艺
20891952,34234070,540,2268,9628,3218,1075,6931,0,明星综合
549618246,452057020,520,1136,3975,2366,931,4795,0,音乐现场
81121549,138834039,429,450,6428,5693,707,12593,0,翻唱
416269124,285044070,895,788,10976,11942,1413,14537,0,粉丝创作
33697417,58987362,488,2231,14955,4097,1649,14071,0,粉丝创作
766841690,518056596,263,30,252,65,30,1477,0,明星综合
464498852,450370871,238,1907,5310,1334,419,3848,0,音乐现场
75988707,129986617,791,2910,6727,1480,6386,8986,0,明星综合
90759075,154988686,1294,4247,3520,10188,1366,16315,0,音乐综合
60209091,104835811,842,2559,7235,4810,1776,16696,0,日常
504475782,380365504,1187,1625,6188,8891,1090,8653,0,粉丝创作
76741493,131257375,758,2285,12823,4638,3440,17687,0,粉丝创作
594460783,541300891,92,10,76,7,10,827,0,粉丝创作
543866125,286027280,244,58,103,18,11,1918,0,明星综合
680231323,470653667,154,55,1546,116,149,6040,0,明星综合
31478375,55026841,1268,4037,10432,5760,3582,8211,0,音乐现场
92521189,158143076,375,4103,2189,119,247,5432,0,综艺
548178452,412600129,776,573,4680,6140,734,7130,0,明星综合
90393025,154373604,891,5679,5429,12710,904,17452,0,娱乐杂谈
806983021,449751958,273,421,3915,1397,719,5431,0,音乐现场
54916307,96041595,396,883,1549,550,138,4591,0,音乐综合
76734172,131249825,378,819,14920,2607,1869,17693,0,音乐现场
15232251,24792951,215,302,3835,170,260,4863,0,明星综合
551454580,505275323,29,22,41,8,2,164,0,明星综合
91502296,156246208,1903,7618,4529,10107,1775,16231,0,音乐综合
764718349,457246656,560,194,747,2057,148,4313,0,翻唱
98064947,167395274,1515,2474,12105,2126,2345,20425,0,日常
47039282,82388134,2905,4823,2092,297,8056,4568,0,音乐现场
7322001,11968868,1899,3015,2225,1369,489,1287,0,明星综合
722010021,454617400,1989,72,2532,2778,204,3503,0,演奏
592051152,453621447,227,130,2019,2609,556,4917,0,MV
41014580,72045352,681,387,1243,70,724,3292,0,明星综合
587539804,321992113,1390,1685,4693,4112,545,9820,0,综艺
670918118,275489797,1212,3123,12849,5397,2156,14938,0,音乐综合
61355680,106730426,1243,5480,4711,282,1864,5849,0,综艺
31864181,55728339,295,764,1689,696,159,3117,0,音乐综合
19778777,32250553,631,3862,15333,6133,2355,8129,0,明星综合
6054124,9827465,1552,5641,15789,5321,3719,11141,0,音乐现场
971690100,296899019,380,175,2534,329,82,9216,0,综艺
636470402,507215656,129,82,215,387,65,1899,0,翻唱
337384647,463895113,188,118,2360,2431,163,4343,0,粉丝创作
17633435,32156103,3766,4232,12470,7582,2188,6958,0,粉丝创作
64267048,113132842,463,2775,8191,2208,841,12047,0,粉丝创作
47014507,82344135,2302,3103,1038,408,362,3166,0,音乐综合
852089789,543009608,167,6,15,18,33,89,0,原创音乐
18956308,30917926,459,1835,1796,1756,159,3223,0,音乐综合
419110198,368726867,1070,678,5799,8169,1281,8139,0,粉丝创作
57388203,100194091,265,500,3159,181,169,5103,0,综艺
41528740,72930399,253,960,563,452,34,3607,0,娱乐杂谈
851808446,515822910,13,0,12,6,1,69,0,明星综合
25215089,42752145,256,1477,9133,4669,2639,8756,0,明星综合
23873163,39931856,589,1487,9334,7193,3248,13796,0,音乐现场
254075065,507798428,51,7,480,45,18,2453,0,音乐现场
4627866,7507690,53,295,1387,37,59,1001,0,综艺
85153185,145551914,750,609,5994,12947,1289,15190,0,翻唱
838906356,216909531,622,330,5303,795,383,15615,0,音乐现场
975737332,412415035,942,1303,2439,3447,455,6613,0,音乐现场
85097788,145499496,700,2704,15073,6664,2498,16921,0,明星综合
55288189,97241309,1248,3565,8857,10798,1933,14117,0,搞笑
540149712,176606306,287,226,381,143,153,2441,0,社科·法律·心理
464649364,457734261,277,358,3480,867,357,4755,0,音乐现场
336925496,449818319,211,298,2555,637,496,3699,0,音乐现场
11054599,18313194,711,26816,10713,1418,1117,2712,0,明星综合
70283049,121757209,660,5994,15078,7572,1325,14194,0,音乐综合
33159336,68626236,174,1172,1573,420,156,3349,0,音乐综合
767009877,542609667,77,25,99,60,20,571,0,明星综合
47094777,82481747,10800,3863,1431,3705,1040,7571,0,音乐综合
424584275,544074723,22,2,34,1,7,323,0,明星综合
296183690,500360823,242,209,670,162,376,2675,0,演奏
677104912,454715659,309,463,3237,485,284,5594,0,音乐现场
87445887,164980653,844,3300,12182,8323,1377,16471,0,粉丝创作
968011289,185784738,363,630,1366,480,190,7225,0,综艺
51305537,89810646,313,1329,9225,1313,1490,10845,0,粉丝创作
23084816,63087201,509,7588,16084,3549,1039,9307,0,音乐综合
753262982,193962759,549,3575,10954,8968,1432,17284,0,粉丝创作
19735802,32180275,706,490,827,126,139,1210,0,娱乐杂谈
976914356,450142593,245,268,3362,724,469,4827,0,音乐现场
7422181,12135504,244,146,1204,32,62,1065,0,明星综合
550969420,493074341,294,96,444,555,73,1992,0,综艺
44698355,78252218,657,1288,1118,208,446,1978,0,明星综合
16621201,27109448,590,1674,12111,4887,4567,10955,0,音乐现场
467160298,545660790,7,0,41,6,2,242,0,明星综合
374003313,293055317,52,47,882,107,25,2852,0,明星综合
336948783,450083075,122,131,2126,401,457,4429,0,明星综合
883548658,204854786,3243,3130,6832,4853,1198,15737,0,音乐现场
81082829,138768522,500,742,2376,1315,337,7842,0,翻唱
297129240,546130799,19,21,4,0,0,41,0,综艺
382118856,542001990,61,10,9,0,5,72,0,明星综合
462225050,386410640,1279,323,4769,4937,589,8295,0,演奏
92550546,158019776,241,57,1248,50,97,5840,0,明星综合
78031501,133503670,544,880,3268,702,3427,5727,0,音乐现场
20298318,33158052,2235,1164,2434,881,1723,9806,0,粉丝创作
464757921,460212730,199,127,3255,412,393,6395,0,音乐现场
77770032,133045945,919,7968,10970,4259,1458,16228,0,音乐现场
37088618,65168926,395,1278,10001,4201,2369,10866,0,音乐综合
211812356,515718892,40,6,724,78,31,1946,0,粉丝创作
58339911,101770397,493,2691,8074,874,677,9272,0,明星综合
625398488,183179170,405,1278,6696,1311,405,18544,0,综艺
66421727,115198005,304,2553,8273,693,768,11726,0,粉丝创作
77446078,164512518,365,437,11248,9482,3256,14018,0,粉丝创作
967841689,179734852,82,41,137,106,16,1404,0,社科·法律·心理
85409033,145996249,714,2691,13206,5941,2352,16879,0,粉丝创作
28123963,48602921,583,1214,215,63,37,608,0,音乐综合
36050299,63288249,104,289,1663,70,122,1923,0,综艺
586287593,286509263,597,144,1023,1048,3399,11106,0,搞笑
21962164,36279722,355,1775,11306,2633,1193,7615,0,明星综合
242970410,185049235,853,1276,5550,8371,1263,10341,0,音乐综合
467098378,542105081,54,12,15,86,1,284,0,娱乐杂谈
883831681,211110350,184,756,1338,578,95,9067,0,音乐综合
591930284,451010841,122,523,2102,555,187,3176,0,明星综合
33429536,58519628,152,457,627,412,37,2631,0,综艺
55147982,96433264,1323,895,426,283,52,2638,0,音乐综合
88337419,150905281,1772,22340,7563,3866,1041,6799,0,粉丝创作
797513961,249738359,1642,2198,9777,2431,3064,9699,0,音乐现场
507804474,473611369,141,84,2083,1761,217,4020,0,粉丝创作
45340875,79387715,259,492,2639,425,460,2824,0,综艺
976512553,438825452,514,293,2326,2268,291,5895,0,明星综合
883047071,189349559,208,221,291,26,73,2701,0,搞笑
719994904,462247709,1482,52,2024,2248,248,2711,0,演奏
210998726,494149136,98,29,1721,270,97,3474,0,粉丝创作
714420789,305576614,1853,2284,5021,9989,934,10562,0,美妆护肤
422190092,457985719,748,727,382,1015,83,3310,0,音乐综合
35467697,62175895,475,6167,8553,2091,540,6108,0,明星综合
7308711,11947370,605,2176,8066,6281,1597,2056,0,MAD·AMV
31753633,55531218,455,1290,12676,2267,1272,9487,0,明星综合
373803213,287320882,1670,2377,7873,12593,1648,11443,0,原创音乐
423373716,488130747,115,66,1466,299,59,3254,0,音乐现场
843821812,285970178,2486,893,667,905,648,19325,0,娱乐杂谈
549516076,455150790,423,200,2145,722,628,3674,0,音乐现场
45551149,79757332,2667,2005,7596,8047,2173,11062,0,音乐现场
719855134,458506742,142,47,1916,237,135,6052,0,粉丝创作
464860633,459208776,228,127,3765,675,278,5661,0,粉丝创作
61672754,107258734,967,16080,9555,4689,1488,7618,0,明星综合
26980033,46467578,531,633,12716,4867,1808,9465,0,粉丝创作
44814595,78454929,247,707,1230,437,86,3141,0,音乐综合
294640610,457769514,155,93,2978,534,343,4908,0,音乐现场
807473765,463865141,430,406,1268,1340,171,3923,0,粉丝创作
723300908,488465608,415,221,876,641,249,2542,0,粉丝创作
673076881,336930810,1849,1783,6180,7424,1800,9589,0,电子竞技
90829580,155108313,1209,3028,8637,9002,2433,17019,0,翻唱
202111422,234221689,200,418,2,163,2,2053,0,综艺
937084798,541905906,9,3,3,0,2,41,0,明星综合
49401966,86511611,189,437,3797,488,156,5586,0,粉丝创作
200483444,182816688,3459,2944,3726,3962,742,12136,0,综艺
33476066,58597418,503,1661,6702,2357,1348,6292,0,音乐现场
20383515,33312102,225,324,3086,593,404,2615,0,明星综合
756303078,285975491,778,92,265,11,35,7036,0,明星综合
67076957,116306312,1056,8380,13998,5849,1722,13109,0,音乐现场
90168288,156298653,697,1602,911,4094,304,7184,0,综艺
753993020,216229207,431,1306,5711,1101,463,15664,0,娱乐杂谈
415046201,248910673,528,645,8834,2070,1405,9330,0,音乐现场
796459980,218374916,145,6177,0,566,3,2643,0,综艺
85218607,145677524,536,10283,11152,6230,977,14280,0,粉丝创作
508207220,485669263,8,5,213,12,0,225,0,音乐综合
893048306,480403434,205,153,761,1217,123,3319,0,音乐现场
883340244,196685916,127,51,2294,73,103,5755,0,明星综合
48555816,85020062,503,2807,7635,3647,591,8708,0,娱乐杂谈
976932086,448328959,128,25,1049,204,126,6927,0,明星综合
466763547,517142462,49,11,399,32,33,1121,0,音乐综合
285397831,183076527,649,2319,10518,7540,1025,17966,0,明星综合
253312777,486870436,28,30,24,3,3,250,0,娱乐杂谈
722351677,461119080,118,63,2493,288,176,5648,0,音乐现场
421822127,444721175,336,120,1957,2130,455,4859,0,演奏
83332622,142561491,924,1369,2829,4566,564,18535,0,翻唱
48499798,84939033,277,214,906,155,185,1620,0,明星综合
754060923,219609105,361,366,5484,2483,488,9447,0,粉丝创作
87387021,149313568,289,746,8414,5607,1635,10975,0,演奏
457187406,239007859,270,266,7261,5914,1013,12742,0,演奏
80021361,136947324,499,3292,12357,6216,912,15667,0,粉丝创作
636815300,514884708,112,47,210,71,38,1127,0,美妆护肤
667668648,176722424,1490,1329,4306,7040,906,13177,0,综艺
243626359,207898106,536,1485,9238,4491,918,14781,0,粉丝创作
968457034,201267880,613,822,11157,6553,1187,14524,0,粉丝创作
508089450,479907222,18,8,72,0,1,4282,0,粉丝创作
82991828,141843294,1571,2188,3743,628,1738,7683,0,粉丝创作
2220044,3450233,2310,4476,6419,771,5306,3415,0,音乐综合
753116831,189415292,631,859,8369,1523,1122,13290,0,明星综合
719730511,457893967,167,243,2185,693,501,1884,0,音乐综合
670347476,255609361,773,1241,9618,11918,1566,12466,0,短片·手书·配音
61068646,106247860,218,2420,7808,470,405,7458,0,综艺
78900441,135010515,489,809,12650,3184,1792,15508,0,音乐现场
16567073,27022206,1137,6770,8846,1313,1184,3913,0,明星综合
61087264,106282642,488,1847,6291,968,494,11697,0,综艺
2960697,4636008,991,27952,15635,2459,826,4649,0,明星综合
83059391,142090438,383,2784,6463,2555,677,13850,0,粉丝创作
508874472,503241877,59,50,536,135,51,2308,0,明星综合
594375890,540493030,4,3,7,0,1,30,0,明星综合
89081824,152157281,1064,2394,2987,7241,1446,12655,0,音乐综合
31362483,54800497,650,9781,10749,5035,1765,5929,0,音乐现场
978829670,500960339,140,351,64,346,13,968,0,音乐综合
422152953,456155672,249,506,3194,741,567,3508,0,音乐现场
28588704,49494287,1881,346,870,124,107,2110,0,娱乐杂谈
28120670,48594760,2012,2881,8504,5257,3080,8088,0,明星综合
15541396,25290861,423,12452,14035,5424,1136,6755,0,粉丝创作
200330290,180784432,577,591,4017,107,683,11448,0,明星综合
77537701,132665258,551,2925,3334,1324,1772,9060,0,娱乐杂谈
22102962,36539488,227,1301,1687,175,146,1379,0,音乐综合
13972863,22823447,583,1858,8542,724,2005,4310,0,综艺
724042114,509930893,230,53,249,107,57,1200,0,娱乐杂谈
379793074,459788685,1419,109,1909,2245,136,2513,0,演奏
22525406,37344976,246,185,4695,422,249,4327,0,粉丝创作
724717277,546305042,21,15,3,2,0,51,0,明星综合
594530873,542780192,31,6,91,14,8,697,0,粉丝创作
796395628,328459254,276,1631,0,308,2,1954,0,综艺
467207923,546203405,4,5,5,2,4,61,0,娱乐杂谈
44851338,78539308,1316,2162,4516,10927,1674,12700,0,翻唱
373832221,286102305,819,2677,1925,1205,3403,6430,0,搞笑
48061132,84191815,419,956,5435,1399,475,9021,0,音乐现场
36764165,64557269,268,367,2501,187,261,3634,0,粉丝创作
93034784,159595632,490,1235,6576,5952,863,14684,0,演奏
296796237,514837497,60,4,130,8,36,628,0,粉丝创作
48600950,85108467,375,1495,13616,2807,833,11494,0,粉丝创作
370240671,174529739,443,906,10891,2491,927,16386,0,粉丝创作
66456840,210612163,2042,12703,7608,3527,893,6039,0,明星综合
10123022,16727540,877,8146,15149,6867,2018,8400,0,音乐现场
32153830,56250798,711,1288,16959,3688,1907,5212,0,野生技能协会
247070272,310058134,284,31,92,15,7,1127,0,明星综合
200396519,183097095,4403,4510,1831,5738,285,13359,0,音乐综合
714906464,318498022,2212,286,206,41,226,3577,0,明星综合
82066417,140422653,757,1529,6496,11174,1758,11572,0,演奏
41577380,73014378,108,281,653,342,26,2106,0,日常
24604048,41357174,357,983,1386,247,199,2030,0,音乐综合
934507330,454668596,1045,414,1800,548,836,2835,0,音乐现场
464934903,462402797,223,198,1298,1154,139,3515,0,粉丝创作
75039551,128373406,695,6135,3810,1118,4117,9686,0,日常
894514372,544114835,19,6,92,7,21,450,0,音乐综合
47401457,83019954,1450,3566,9225,12461,1318,11229,0,时尚潮流
679434922,540612671,23,20,318,97,11,255,0,野生技能协会
24912621,42042082,754,590,773,688,150,1872,0,翻唱
933761597,431784281,207,119,303,168,15,3674,0,音乐综合
582683242,174686767,475,571,1027,148,607,2690,0,粉丝创作
94633009,161549260,466,680,2665,2656,752,7477,0,其他
76246228,130416242,626,1347,8375,3711,2383,9511,0,音乐现场
76187449,130317432,726,2488,2732,1748,773,8005,0,音乐综合
26739566,46011767,343,1271,2100,773,327,3512,0,娱乐杂谈
850701132,485580139,7,11,34,0,0,100,0,明星综合
850619391,481397532,12,3,41,6,0,90,0,娱乐杂谈
76119163,130212018,801,2219,10537,5150,4626,10095,0,音乐现场
809140575,512283167,134,189,52,31,6,669,0,明星综合
592280233,463229692,233,587,3878,1501,273,2548,0,音乐现场
295875360,491619367,139,27,871,771,90,2042,0,演奏
63302802,109933992,664,2207,9869,7634,2058,10956,0,音乐现场
29248664,50778920,278,501,5868,432,717,4597,0,综艺
24099827,40375820,429,937,1418,455,109,2284,0,日常
371122138,202134328,307,261,5169,5322,935,13697,0,翻唱
252230229,457421829,163,39,3010,714,172,4951,0,粉丝创作
66727105,115718453,283,2565,8906,2231,1210,13881,0,粉丝创作
59055507,102937648,121,317,1644,101,78,2480,0,综艺
32357424,56617539,168,955,750,122,82,2301,0,娱乐杂谈
379694059,456800186,161,77,2335,250,167,4170,0,明星综合
36321551,312149008,884,3601,10157,6817,3226,7838,0,粉丝创作
53799554,94107305,96,286,680,34,36,1739,0,日常
31506058,55079256,199,958,6454,1463,812,9070,0,演奏
673289154,346794667,559,198,3696,397,751,10381,0,明星综合
635284717,473444298,265,334,418,838,58,3124,0,翻唱
33893758,59353325,371,147,8213,819,876,8208,0,明星综合
465685258,485586652,73,41,1507,154,48,3218,0,音乐现场
455417763,184106437,4449,2786,2349,3314,578,8636,0,音乐综合
969578248,244377240,1202,1633,4707,3167,1920,13456,0,搞笑
45067032,78926176,1072,1284,7716,2168,2448,7787,0,音乐综合
38361141,67428575,206,297,767,42,45,1431,0,综艺
33239659,58179163,1449,11429,1337,155,111,2144,0,明星综合
90425958,154432535,162,13,487,9,16,2884,0,娱乐杂谈
978442568,491487119,86,91,794,620,24,2753,0,粉丝创作
852074748,544003046,20,27,1,0,0,39,0,明星综合
970189627,251917752,1313,1642,4710,8350,1238,12543,0,手机游戏
53289052,93230627,177,462,1209,91,135,1375,0,日常
458123740,265742931,627,3468,12832,2711,848,8254,0,音乐综合
415199975,252730584,790,666,3683,6448,692,9691,0,翻唱
65600489,113814748,779,2570,10808,5631,2156,10149,0,短片
337178017,455630362,178,201,2335,1134,618,3574,0,明星综合
892984189,478775032,327,263,1821,950,339,3291,0,明星综合
337755443,474622976,192,202,478,519,48,3722,0,翻唱
722085247,452394377,163,180,2808,644,348,2680,0,音乐现场
333690646,354434555,856,325,1647,173,371,5862,0,明星综合
936741420,511756299,120,101,552,119,31,1340,0,明星综合
676368345,430145092,319,171,2131,3856,272,5244,0,明星综合
34247572,59987563,217,673,1044,594,87,3285,0,综艺
929070950,388996707,1442,1843,8165,8081,1366,9513,0,粉丝创作
803713979,356830480,1215,927,3649,4976,714,7890,0,人力VOCALOID
210150525,472101996,331,238,317,898,62,2959,0,音乐综合
20847932,34155928,1098,848,4422,390,612,4570,0,明星综合
636333203,501694900,65,35,559,198,26,1834,0,粉丝创作
592305602,461923362,106,54,2712,869,200,4190,0,粉丝创作
77787237,133078835,266,912,7717,1062,467,12871,0,粉丝创作
551185108,500295289,217,317,662,452,182,1843,0,搞笑
549692131,457353553,276,29,3411,2203,445,2649,0,演奏
21373201,35150762,779,5698,8802,8525,1594,8232,0,粉丝创作
85700886,146476179,716,2100,10221,7116,1903,11559,0,粉丝创作
925472995,183322638,4442,8787,1078,2634,466,10141,0,音乐综合
928841783,287279174,1139,699,333,67,406,4405,0,综艺
44876466,78584782,556,4538,11689,4602,1517,10459,0,粉丝创作
935196048,470782102,302,1168,2009,1852,366,2445,0,粉丝创作
882517640,171130784,359,3186,9018,2602,720,12490,0,粉丝创作
381172900,499788645,155,121,884,847,82,1599,0,粉丝创作
76177785,130288799,311,8447,11368,3308,1308,8647,0,明星综合
70003654,121292672,146,706,6321,831,937,6379,0,音乐现场
